0,Category,Age,Sex,ALB,ALP,ALT,AST,BIL,CHE,CHOL,CREA,GGT,PROT
555,1=Hepatitis,44,m,49.0,27.3,40.2,31.1,13.0,8.91,4.07,81.5,27.6,72.8
111,0=Blood Donor,42,m,37.8,78.6,51.4,31.8,10.1,9.66,6.15,85.0,15.1,70.8
204,0=Blood Donor,50,m,43.1,73.7,19.0,21.8,2.9,9.45,6.06,91.0,33.3,68.9
614,3=Cirrhosis,46,f,33.0,93.22083333333335,39.0,62.0,20.0,3.56,4.2,52.0,50.0,71.0
448,0=Blood Donor,50,f,47.6,77.2,24.0,17.5,4.8,9.27,6.41,77.0,21.3,73.5
39,0=Blood Donor,35,m,47.3,92.2,30.7,25.7,6.6,11.58,5.9,82.0,36.9,77.8
31,0=Blood Donor,34,m,41.8,75.8,30.9,35.5,6.1,9.97,5.94,89.0,48.5,71.3
551,1=Hepatitis,35,m,47.0,37.9,13.3,48.4,8.0,10.3,4.14,69.2,68.2,76.0
272,0=Blood Donor,59,m,38.4,61.2,15.9,27.2,3.0,6.88,6.89,91.0,14.0,64.5
290,0=Blood Donor,62,m,44.7,76.5,43.7,27.5,6.9,9.94,5.74,83.0,59.3,77.8
284,0=Blood Donor,61,m,34.3,60.5,35.4,26.6,15.2,9.03,7.62,74.0,51.4,76.0
500,0=Blood Donor,57,f,41.2,83.5,32.6,39.3,4.0,10.67,8.46,69.0,22.4,75.7
527,0=Blood Donor,63,f,36.1,67.6,13.8,12.2,5.8,9.44,6.88,66.0,22.4,65.0
474,0=Blood Donor,53,f,42.4,55.0,20.9,42.4,7.7,6.6,4.26,67.0,14.2,70.9
569,2=Fibrosis,49,m,39.0,37.84166666666666,118.0,62.0,10.0,7.28,3.5,72.0,74.0,81.0
257,0=Blood Donor,56,m,40.2,37.1,30.1,25.1,10.2,9.69,4.93,103.0,20.7,71.9
536,0s=suspect Blood Donor,49,m,21.6,42.2,9.5,10.6,2.4,3.75,3.01,64.0,38.9,44.8
23,0=Blood Donor,34,m,42.7,65.3,46.7,30.3,23.4,10.95,5.06,75.0,99.6,69.1
191,0=Blood Donor,49,m,44.4,63.3,13.5,16.4,7.3,11.19,4.49,73.0,13.6,72.3
213,0=Blood Donor,51,m,50.8,56.0,33.2,32.9,6.3,11.33,5.93,93.0,22.4,80.3
324,0=Blood Donor,33,f,36.9,51.7,17.4,22.0,8.3,7.0,5.02,52.0,19.1,72.0
383,0=Blood Donor,43,f,39.0,83.1,21.3,18.8,3.5,12.8,9.03,58.0,22.7,73.1
350,0=Blood Donor,35,f,46.9,50.8,35.4,22.1,13.1,8.27,5.7,95.0,37.3,80.7
14,0=Blood Donor,33,m,39.0,51.7,15.9,24.0,6.8,6.46,3.38,65.0,7.0,70.4
475,0=Blood Donor,53,f,39.0,76.0,25.9,20.7,2.8,11.11,6.38,66.0,50.1,70.8
295,0=Blood Donor,64,m,40.1,66.7,18.3,22.5,5.7,9.65,6.37,73.0,19.1,66.0
488,0=Blood Donor,55,f,41.9,86.1,19.3,22.3,7.0,8.21,5.05,71.0,32.5,75.2
262,0=Blood Donor,57,m,43.3,86.8,21.2,22.2,6.8,7.87,4.91,65.0,19.2,71.3
159,0=Blood Donor,46,m,37.3,91.6,33.4,35.9,2.6,9.74,6.73,78.0,64.2,69.9
36,0=Blood Donor,35,m,44.7,79.3,53.5,30.8,9.7,11.39,7.04,88.0,77.3,77.1
12,0=Blood Donor,33,m,46.4,68.2,10.3,20.0,5.7,7.36,4.3,79.0,18.7,68.6
69,0=Blood Donor,37,m,46.4,53.3,20.2,24.9,8.7,8.63,5.9,86.0,23.3,78.9
456,0=Blood Donor,51,f,39.6,63.5,17.0,25.9,7.3,7.0,6.97,72.0,10.4,71.9
392,0=Blood Donor,44,f,44.0,86.1,15.6,26.1,7.6,6.23,4.72,69.0,11.8,70.5
373,0=Blood Donor,41,f,40.4,75.7,24.3,25.2,6.0,8.95,6.01,64.0,15.8,73.0
278,0=Blood Donor,60,m,40.4,46.8,17.7,25.7,13.5,5.79,5.42,92.0,19.2,70.0
1,0=Blood Donor,32,m,38.5,52.5,7.7,22.1,7.5,6.93,3.23,106.0,12.1,69.0
422,0=Blood Donor,47,f,36.4,42.0,11.1,18.3,7.2,4.97,5.47,74.0,7.9,67.0
576,2=Fibrosis,64,m,38.0,35.7,7.1,41.3,13.0,7.1,4.52,70.0,53.0,66.8
381,0=Blood Donor,43,f,44.1,41.4,17.6,19.8,7.4,7.52,6.05,69.0,21.3,73.2
518,0=Blood Donor,60,f,40.1,80.7,34.6,31.2,11.9,9.32,6.94,68.0,27.4,76.6
190,0=Blood Donor,49,m,44.7,60.2,34.6,28.5,7.1,10.14,5.68,98.0,87.0,69.8
63,0=Blood Donor,37,m,46.1,44.3,42.7,26.5,6.4,10.86,5.05,74.0,22.2,73.1
141,0=Blood Donor,45,m,36.2,102.6,70.8,40.3,14.5,8.69,5.98,94.0,80.6,66.6
513,0=Blood Donor,59,f,45.1,78.0,26.0,32.4,9.0,9.85,7.32,70.0,12.9,70.9
35,0=Blood Donor,35,m,42.1,68.3,37.2,56.2,11.1,9.3,4.63,99.0,16.8,73.6
495,0=Blood Donor,56,f,36.6,102.3,13.5,14.9,8.4,6.94,5.5,65.0,16.2,71.0
180,0=Blood Donor,48,m,38.8,94.7,28.6,33.4,5.1,7.93,4.27,87.0,14.7,66.8
109,0=Blood Donor,42,m,45.3,55.3,31.0,50.0,18.5,15.43,5.88,83.0,15.4,72.4
473,0=Blood Donor,52,f,38.2,70.3,19.5,17.5,2.7,10.02,6.17,65.0,35.5,71.1
493,0=Blood Donor,56,f,39.5,86.9,22.5,22.2,4.7,9.4,6.02,66.0,13.0,72.6
501,0=Blood Donor,57,f,42.6,57.1,15.0,18.9,5.3,8.9,5.93,61.0,21.3,74.8
167,0=Blood Donor,47,m,42.1,81.6,26.4,26.4,5.5,10.5,5.95,97.0,35.3,77.5
440,0=Blood Donor,49,f,40.9,58.4,20.1,26.5,2.6,9.77,5.99,53.0,12.7,73.9
85,0=Blood Donor,39,m,43.9,90.1,87.9,60.6,8.6,9.94,4.64,98.0,99.3,66.2
596,3=Cirrhosis,56,m,27.0,81.1,17.0,319.8,37.0,1.42,3.54,66.9,93.7,65.3
554,1=Hepatitis,41,m,42.0,39.6,26.5,77.6,42.0,9.67,9.67,57.7,143.4,75.8
577,2=Fibrosis,71,m,37.0,37.84166666666666,130.0,90.0,15.0,9.92,4.7,79.0,77.0,76.0
220,0=Blood Donor,52,m,44.7,43.5,40.9,47.2,10.4,10.08,5.0,74.0,26.5,75.4
280,0=Blood Donor,60,m,41.1,67.2,49.0,34.4,16.4,10.14,4.65,107.0,25.5,71.9
419,0=Blood Donor,46,f,51.3,84.1,40.6,43.6,9.2,7.1,5.62,62.0,74.9,77.1
397,0=Blood Donor,44,f,35.5,71.0,15.8,30.0,3.7,7.56,4.43,53.0,17.8,67.7
7,0=Blood Donor,32,m,46.3,41.3,17.5,17.8,8.5,7.01,4.79,70.0,16.9,74.5
271,0=Blood Donor,59,m,39.8,49.4,25.4,21.4,24.7,7.5,3.69,86.0,18.7,71.9
605,3=Cirrhosis,74,m,23.0,34.1,2.1,90.4,22.0,2.5,3.29,51.0,46.8,57.1
595,3=Cirrhosis,51,m,33.0,29.6,4.5,66.6,91.0,4.02,4.08,75.9,28.5,62.3
450,0=Blood Donor,50,f,39.9,80.5,24.2,22.8,5.2,9.25,7.41,84.0,19.4,71.2
15,0=Blood Donor,33,m,38.7,39.8,22.5,23.0,4.1,4.63,4.97,63.0,15.2,71.9
94,0=Blood Donor,40,m,44.5,45.7,25.9,27.6,9.2,8.93,4.49,87.0,17.0,71.2
116,0=Blood Donor,42,m,37.8,83.7,25.3,20.0,18.6,7.52,5.07,108.0,17.4,64.1
196,0=Blood Donor,50,m,46.6,66.3,19.5,23.7,18.5,8.27,5.73,92.0,12.1,76.7
292,0=Blood Donor,63,m,45.3,71.3,16.6,24.1,5.7,8.92,4.69,81.0,19.8,73.7
37,0=Blood Donor,35,m,41.5,115.1,24.1,30.4,5.7,9.41,4.33,81.0,22.2,71.3
519,0=Blood Donor,60,f,45.4,51.4,16.4,19.0,6.8,10.78,6.79,78.0,12.5,72.8
19,0=Blood Donor,33,m,36.6,57.1,38.9,40.3,24.9,9.62,5.5,112.0,27.6,69.3
533,0=Blood Donor,70,f,40.0,97.9,15.1,15.9,6.8,11.46,5.08,62.0,19.2,65.3
591,3=Cirrhosis,46,m,20.0,93.22083333333335,62.0,113.0,254.0,1.48,4.008571428571428,114.0,138.0,70.05172413793103
193,0=Blood Donor,49,m,44.3,84.1,29.0,29.0,16.2,8.18,4.65,87.0,21.9,70.8
607,3=Cirrhosis,49,f,33.0,190.7,1.2,36.3,7.0,6.92,3.82,485.9,112.0,58.5
407,0=Blood Donor,46,f,48.8,66.3,19.7,23.6,4.3,10.57,5.88,78.0,24.2,72.4
348,0=Blood Donor,35,f,42.0,69.0,19.9,16.6,10.8,7.85,4.43,67.0,15.1,64.1
110,0=Blood Donor,42,m,44.1,46.8,23.8,19.4,7.0,10.83,6.28,95.0,19.7,73.0
490,0=Blood Donor,55,f,35.2,69.6,23.6,26.0,3.8,4.97,4.43,69.0,29.4,60.5
520,0=Blood Donor,60,f,41.4,85.1,15.6,18.6,10.0,8.31,5.34,103.0,13.0,71.5
136,0=Blood Donor,44,m,40.8,71.6,17.2,21.0,3.5,7.38,4.46,88.0,11.4,63.4
469,0=Blood Donor,52,f,40.2,89.7,26.8,19.1,6.9,9.1,7.04,75.0,41.6,67.4
47,0=Blood Donor,36,m,45.9,58.8,29.7,27.7,11.7,5.6,4.89,93.0,23.1,70.8
53,0=Blood Donor,36,m,48.9,82.8,16.9,24.4,8.9,8.91,5.1,97.0,14.8,79.9
226,0=Blood Donor,52,m,41.6,59.1,26.3,25.6,3.0,9.55,4.5,94.0,33.0,71.1
347,0=Blood Donor,35,f,62.9,51.2,20.7,23.0,2.9,6.33,4.62,67.0,15.2,71.9
95,0=Blood Donor,40,m,41.4,67.5,59.8,36.8,7.3,4.18,6.02,76.0,92.7,72.5
562,1=Hepatitis,41,f,37.0,31.2,8.2,38.3,7.0,7.08,5.3,60.8,24.7,82.4
90,0=Blood Donor,39,m,46.4,102.9,44.4,26.2,4.1,9.29,8.89,103.0,64.0,72.2
306,0=Blood Donor,66,m,32.6,58.3,20.3,27.3,9.4,9.4,6.8,88.0,24.6,73.1
146,0=Blood Donor,45,m,44.3,71.5,15.9,16.3,7.3,8.0,5.35,83.0,19.8,71.3
100,0=Blood Donor,40,m,46.9,61.8,27.4,43.0,7.0,7.26,5.09,98.0,14.2,75.3
84,0=Blood Donor,39,m,36.6,71.3,28.9,25.9,6.1,5.7,4.66,77.0,22.6,66.3
55,0=Blood Donor,37,m,42.9,70.7,16.3,24.1,15.7,9.03,6.8,93.0,70.1,73.4
302,0=Blood Donor,65,m,39.1,45.8,23.1,27.5,6.4,7.0,6.23,73.0,27.1,64.3
547,1=Hepatitis,30,m,45.0,42.114285714285714,66.0,45.0,14.0,12.16,6.1,86.0,43.0,77.0
157,0=Blood Donor,46,m,45.9,80.1,67.5,36.7,2.9,8.73,4.68,113.0,50.1,68.8
528,0=Blood Donor,63,f,27.8,85.7,25.4,38.9,4.2,6.06,3.96,63.0,46.0,56.9
338,0=Blood Donor,34,f,36.3,63.2,21.4,20.4,4.6,7.41,5.17,75.0,18.7,64.2
103,0=Blood Donor,41,m,42.3,55.9,19.6,18.9,10.9,7.15,3.29,86.0,24.5,76.1
470,0=Blood Donor,52,f,51.5,81.8,26.3,20.6,7.8,6.74,5.9,88.0,16.3,82.2
421,0=Blood Donor,47,f,38.7,43.4,12.1,19.4,3.0,5.35,4.6,56.0,15.7,67.8
185,0=Blood Donor,48,m,46.4,64.1,29.3,27.6,13.2,10.07,8.28,98.0,28.9,83.3
399,0=Blood Donor,45,f,39.5,92.2,18.7,19.4,3.5,8.32,5.38,85.0,15.8,72.2
565,2=Fibrosis,29,m,41.0,43.1,2.4,83.5,6.0,11.49,5.42,55.2,130.0,66.5
273,0=Blood Donor,59,m,48.9,50.3,23.7,28.1,15.8,8.97,4.33,75.0,19.0,77.6
241,0=Blood Donor,54,m,40.8,72.0,25.9,29.2,8.5,7.1,5.79,89.0,15.6,67.9
358,0=Blood Donor,37,f,42.1,47.5,18.3,21.7,2.8,8.29,4.36,83.0,28.9,73.4
517,0=Blood Donor,60,f,52.4,88.2,50.2,31.7,8.8,8.49,5.0,77.0,47.0,77.0
424,0=Blood Donor,47,f,40.3,65.0,13.5,15.2,6.4,7.16,4.55,70.0,16.5,66.2
176,0=Blood Donor,48,m,46.2,59.9,14.6,25.7,5.3,6.93,6.29,66.0,23.4,75.8
321,0=Blood Donor,32,f,41.1,42.8,10.1,14.1,23.2,6.08,3.75,53.0,9.3,68.9
329,0=Blood Donor,33,f,47.6,95.5,18.8,22.2,2.4,7.84,5.57,71.0,16.9,75.0
71,0=Blood Donor,38,m,48.1,63.2,11.7,14.7,5.1,8.83,3.87,85.0,9.5,73.1
91,0=Blood Donor,39,m,45.8,62.5,20.7,22.8,45.5,8.61,4.78,77.0,15.9,75.5
310,0=Blood Donor,67,m,38.7,83.8,19.4,25.8,8.7,7.95,5.53,100.0,16.6,70.4
581,2=Fibrosis,68,f,43.0,22.9,5.0,42.1,12.0,7.29,4.89,80.9,11.9,76.1
236,0=Blood Donor,53,m,49.2,71.8,42.8,29.4,6.8,15.1,6.24,107.0,48.3,77.8
130,0=Blood Donor,44,m,38.4,110.8,17.2,30.7,4.6,9.51,5.12,74.0,25.2,73.6
189,0=Blood Donor,49,m,41.2,96.0,25.0,27.7,15.6,7.12,5.61,92.0,37.8,68.7
317,0=Blood Donor,76,m,38.0,97.1,28.6,33.1,14.1,4.83,5.56,90.0,117.6,73.8
42,0=Blood Donor,35,m,51.0,82.7,29.3,26.8,8.7,12.32,5.44,89.0,25.0,77.3
449,0=Blood Donor,50,f,42.5,74.0,10.9,23.0,4.6,9.42,6.33,76.0,9.0,68.8
526,0=Blood Donor,63,f,47.6,59.9,21.1,27.8,8.4,9.24,6.08,62.0,18.3,74.5
227,0=Blood Donor,53,m,45.3,53.0,39.6,31.3,9.6,9.96,7.22,73.0,42.9,78.6
416,0=Blood Donor,46,f,42.3,61.9,20.0,21.8,9.7,8.8,7.09,67.0,35.0,75.2
161,0=Blood Donor,46,m,51.8,82.6,37.3,29.1,13.4,9.97,7.4,90.0,30.1,80.3
137,0=Blood Donor,44,m,47.3,43.9,16.2,19.3,4.7,10.02,5.85,100.0,14.9,71.2
510,0=Blood Donor,58,f,26.3,52.5,39.5,77.2,5.8,5.15,3.53,40.0,31.2,51.0
497,0=Blood Donor,56,f,45.1,79.1,39.0,30.5,5.2,6.47,5.1,64.0,145.3,66.7
216,0=Blood Donor,52,m,42.2,72.2,47.9,23.7,8.6,11.91,6.29,96.0,62.5,72.9
481,0=Blood Donor,53,f,47.4,66.9,24.3,32.6,14.9,10.51,6.03,81.0,25.2,75.0
313,0=Blood Donor,70,m,27.8,85.7,25.4,38.9,4.2,6.06,3.96,63.0,46.0,56.9
333,0=Blood Donor,33,f,38.5,82.2,11.9,17.0,7.3,7.23,3.92,50.0,7.0,73.3
463,0=Blood Donor,51,f,47.4,117.3,62.1,30.4,3.8,10.43,6.59,86.0,69.3,71.0
491,0=Blood Donor,55,f,39.9,83.6,18.4,27.4,8.0,8.43,7.67,73.0,13.6,73.3
331,0=Blood Donor,33,f,45.9,72.0,37.8,33.5,17.7,7.32,4.25,81.0,21.5,78.3
211,0=Blood Donor,51,m,42.0,84.3,14.7,19.2,3.2,8.19,4.68,81.0,20.9,77.1
538,0s=suspect Blood Donor,71,m,14.9,69.8,19.7,95.2,9.8,13.3,2.61,9.0,7.6,47.0
112,0=Blood Donor,42,m,46.3,71.4,30.3,22.5,26.9,7.95,7.3,88.0,21.8,71.8
43,0=Blood Donor,35,m,27.8,99.0,30.7,27.8,9.4,6.8,4.27,65.0,40.5,80.7
243,0=Blood Donor,55,m,44.1,60.0,26.3,25.9,5.1,7.23,7.3,88.0,41.6,77.7
170,0=Blood Donor,47,m,46.2,63.0,7.0,17.4,6.5,7.06,5.23,60.0,26.6,75.4
183,0=Blood Donor,48,m,45.7,88.5,59.1,34.0,6.5,10.81,6.25,87.0,38.3,74.1
156,0=Blood Donor,46,m,43.0,41.0,15.1,20.7,5.1,7.87,5.35,84.0,15.4,73.2
409,0=Blood Donor,46,f,35.8,50.8,18.6,25.2,3.8,8.5,5.85,54.0,10.1,71.5
235,0=Blood Donor,53,m,38.1,82.5,8.0,17.5,2.4,9.13,6.28,103.0,35.8,69.9
145,0=Blood Donor,45,m,46.4,77.0,60.3,32.9,8.8,9.38,6.27,85.0,81.1,75.5
401,0=Blood Donor,45,f,41.7,62.4,15.9,16.8,3.7,4.38,5.05,90.0,10.0,70.5
253,0=Blood Donor,56,m,39.4,97.9,28.2,24.7,5.9,10.4,6.61,82.0,17.8,74.1
264,0=Blood Donor,58,m,44.0,56.0,30.6,33.0,4.8,12.37,6.33,74.0,58.7,75.8
294,0=Blood Donor,64,m,46.0,75.9,34.8,30.6,10.8,9.43,6.69,81.0,53.7,70.7
365,0=Blood Donor,38,f,40.0,79.3,11.9,22.0,6.5,8.33,4.58,60.0,13.7,68.1
266,0=Blood Donor,58,m,41.3,58.9,12.8,23.4,5.4,8.17,5.7,60.0,10.8,70.1
458,0=Blood Donor,51,f,43.1,52.2,18.5,24.1,8.1,7.52,6.76,60.0,17.4,71.9
6,0=Blood Donor,32,m,41.6,43.3,18.5,19.7,12.3,9.92,6.05,111.0,91.0,74.0
287,0=Blood Donor,62,m,42.1,51.4,11.8,21.8,2.7,5.7,5.25,80.0,12.9,72.0
508,0=Blood Donor,57,f,42.7,62.9,11.2,16.6,11.6,12.7,6.25,62.0,8.1,71.9
412,0=Blood Donor,46,f,40.1,70.1,15.7,23.8,6.0,8.41,6.03,86.0,11.0,76.4
67,0=Blood Donor,37,m,40.8,118.9,17.2,19.2,3.2,9.17,4.26,88.0,13.5,72.0
192,0=Blood Donor,49,m,40.2,73.8,17.9,23.6,7.6,7.99,5.31,106.0,15.9,71.4
34,0=Blood Donor,35,m,37.5,69.8,37.1,25.0,7.8,11.66,5.73,84.0,27.3,71.0
349,0=Blood Donor,35,f,38.0,51.3,18.3,15.3,3.9,8.63,4.91,61.0,16.2,71.8
378,0=Blood Donor,42,f,43.4,54.0,11.3,21.3,1.8,6.43,4.43,54.0,18.6,82.3
79,0=Blood Donor,38,m,38.3,81.5,65.9,35.3,14.0,11.0,5.46,80.0,45.2,68.1
564,1=Hepatitis,61,f,50.0,34.4,27.4,114.4,22.0,9.48,4.62,61.9,169.8,86.0
281,0=Blood Donor,60,m,45.2,89.4,38.6,27.2,8.6,5.19,6.01,75.0,76.9,74.4
128,0=Blood Donor,43,m,41.2,59.4,34.3,24.2,4.1,9.64,4.93,84.0,20.8,74.5
563,1=Hepatitis,50,f,40.0,32.7,9.0,46.0,10.0,7.51,4.67,56.6,22.3,70.1
210,0=Blood Donor,51,m,42.6,69.1,17.6,28.3,7.7,15.4,5.07,81.0,29.9,77.8
50,0=Blood Donor,36,m,47.8,89.0,48.5,38.4,8.6,8.26,5.62,96.0,21.9,76.2
16,0=Blood Donor,33,m,41.8,65.0,33.1,38.0,6.6,8.83,4.43,71.0,24.0,72.7
579,2=Fibrosis,38,f,40.0,39.8,14.9,68.9,11.0,8.55,4.31,60.5,40.1,76.5
534,0s=suspect Blood Donor,47,m,22.5,124.0,79.5,46.7,2.3,6.83,4.3,170.0,345.6,58.6
138,0=Blood Donor,44,m,44.6,53.9,28.4,23.8,8.8,9.47,4.87,94.0,21.3,69.2
524,0=Blood Donor,62,f,35.4,59.7,21.2,24.7,3.3,9.0,7.45,59.0,17.7,65.4
127,0=Blood Donor,43,m,43.9,40.7,35.8,188.7,8.7,7.7,5.41,90.0,21.6,75.4
283,0=Blood Donor,61,m,43.4,70.1,19.9,24.0,3.6,6.89,4.58,64.0,24.9,74.2
457,0=Blood Donor,51,f,38.3,67.7,17.4,19.9,5.4,7.5,4.94,72.0,7.9,69.0
485,0=Blood Donor,54,f,44.5,53.4,13.4,17.5,5.4,7.74,5.55,66.0,15.4,71.9
219,0=Blood Donor,52,m,46.8,85.5,15.2,31.9,10.3,9.09,6.56,89.0,21.8,73.3
583,2=Fibrosis,51,f,37.0,37.84166666666666,164.0,70.0,9.0,3.99,4.2,67.0,43.0,72.0
9,0=Blood Donor,32,m,50.9,65.5,23.2,21.2,6.9,8.69,4.1,83.0,13.7,71.3
505,0=Blood Donor,57,f,38.7,62.8,21.8,29.2,9.2,6.55,7.08,68.0,13.0,70.7
408,0=Blood Donor,46,f,36.7,62.3,10.8,17.4,3.7,6.17,4.07,67.0,15.1,69.0
530,0=Blood Donor,64,f,43.0,52.7,31.6,29.2,5.5,11.69,6.0,63.0,61.9,73.4
356,0=Blood Donor,36,f,42.7,55.1,12.4,16.0,6.8,6.63,5.05,75.0,10.4,72.8
486,0=Blood Donor,54,f,39.9,61.2,23.3,24.5,4.5,9.22,5.47,69.0,58.2,65.8
580,2=Fibrosis,57,f,43.0,52.1,8.3,35.8,18.0,8.61,6.19,71.4,27.9,82.0
566,2=Fibrosis,40,m,39.0,43.1,23.8,114.7,11.0,9.64,4.2,70.9,127.3,81.3
560,1=Hepatitis,58,m,43.0,99.1,12.2,63.2,13.0,5.95,6.15,147.3,491.0,65.6
254,0=Blood Donor,56,m,42.9,50.0,20.4,22.1,5.4,7.28,5.37,90.0,34.6,76.0
175,0=Blood Donor,48,m,42.5,69.2,44.6,28.3,15.8,11.92,6.76,86.0,42.9,81.5
472,0=Blood Donor,52,f,41.3,77.4,16.6,22.2,5.0,7.57,7.8,66.0,10.8,70.0
390,0=Blood Donor,44,f,45.6,57.6,21.0,19.1,3.7,10.36,6.68,74.0,20.8,74.4
502,0=Blood Donor,57,f,38.6,80.9,33.1,26.7,6.5,6.45,5.1,59.0,11.3,70.9
113,0=Blood Donor,42,m,46.4,43.7,18.7,24.3,6.3,6.59,4.78,93.0,10.1,73.1
592,3=Cirrhosis,46,m,35.0,109.6,2.3,19.2,11.0,7.1,4.1,1079.1,105.6,69.1
541,1=Hepatitis,38,m,45.0,56.3,26.900000000000002,33.1,7.0,9.58,6.0,77.9,18.9,63.0
418,0=Blood Donor,46,f,36.8,113.2,31.2,24.8,3.8,9.6,4.83,78.0,19.9,72.7
602,3=Cirrhosis,59,m,31.0,86.3,5.4,95.4,117.0,1.57,3.51,60.5,53.6,68.5
410,0=Blood Donor,46,f,39.9,71.3,15.4,29.5,4.6,5.95,6.94,72.0,13.4,69.5
143,0=Blood Donor,45,m,43.2,68.2,27.8,42.3,6.6,10.93,6.61,105.0,27.2,74.5
461,0=Blood Donor,51,f,46.0,71.0,18.1,23.8,59.1,5.99,3.25,82.0,11.4,73.3
482,0=Blood Donor,53,f,51.3,84.1,40.6,43.6,9.2,7.1,5.62,62.0,74.9,77.1
303,0=Blood Donor,65,m,43.6,104.0,32.3,34.2,7.7,8.23,4.69,89.0,20.8,75.5
340,0=Blood Donor,34,f,46.5,52.3,30.5,32.3,5.7,9.05,6.28,90.0,18.5,80.6
426,0=Blood Donor,48,f,35.2,45.4,23.4,27.1,4.9,6.83,4.35,70.0,11.8,72.1
25,0=Blood Donor,34,m,40.5,32.4,29.6,27.1,5.8,10.5,4.56,91.0,26.6,72.0
129,0=Blood Donor,44,m,44.4,84.9,28.0,26.1,33.9,10.28,4.68,84.0,14.1,76.9
593,3=Cirrhosis,47,m,42.0,93.22083333333335,159.0,102.0,11.0,6.29,5.5,58.0,201.0,79.0
70,0=Blood Donor,37,m,48.7,62.3,21.0,21.1,41.9,9.71,4.02,84.0,16.0,75.1
571,2=Fibrosis,50,m,42.0,37.84166666666666,258.0,106.0,15.0,8.74,4.7,77.0,80.0,84.0
507,0=Blood Donor,57,f,44.7,60.6,16.5,24.3,4.2,10.47,4.9,68.0,15.9,68.5
252,0=Blood Donor,56,m,39.9,62.9,27.2,22.8,7.7,5.74,6.75,86.0,30.7,72.5
229,0=Blood Donor,53,m,44.5,61.2,14.4,18.1,8.0,6.95,5.0,70.0,18.3,72.0
523,0=Blood Donor,62,f,36.6,82.5,18.2,24.3,10.6,9.82,7.12,54.0,15.6,67.8
309,0=Blood Donor,67,m,44.4,86.5,25.2,27.3,9.1,8.85,6.43,88.0,77.2,74.8
522,0=Blood Donor,61,f,43.4,47.5,12.8,17.3,5.6,7.52,5.81,71.0,11.8,69.9
148,0=Blood Donor,46,m,42.6,61.6,18.6,21.4,10.2,7.0,6.13,89.0,19.9,73.7
301,0=Blood Donor,65,m,44.7,99.4,31.9,30.5,12.2,7.15,6.31,82.0,38.5,75.7
599,3=Cirrhosis,58,m,31.0,143.1,7.0,181.8,58.0,3.29,3.92,66.4,273.7,78.1
582,2=Fibrosis,49,f,39.0,37.84166666666666,46.0,39.0,9.0,10.21,3.1,89.0,53.0,79.0
574,2=Fibrosis,57,m,47.0,29.7,10.2,55.9,12.0,6.6,4.64,70.9,69.6,80.9
613,3=Cirrhosis,64,f,29.0,87.3,3.5,99.0,48.0,1.66,3.63,66.7,64.2,82.0
494,0=Blood Donor,56,f,34.7,90.3,22.7,21.6,3.5,8.07,5.45,67.0,9.0,69.4
182,0=Blood Donor,48,m,46.0,58.1,21.4,29.3,6.9,9.36,5.7,83.0,32.3,74.1
446,0=Blood Donor,49,f,43.3,71.5,28.4,26.0,6.2,7.68,5.91,77.0,19.1,76.9
334,0=Blood Donor,33,f,41.2,73.1,14.3,20.8,11.1,7.4,3.22,56.0,11.4,69.9
404,0=Blood Donor,45,f,37.5,54.3,12.9,14.8,5.9,6.95,5.29,66.0,49.4,70.1
339,0=Blood Donor,34,f,36.2,70.9,14.3,21.6,3.7,9.82,5.59,65.0,27.4,74.3
352,0=Blood Donor,35,f,44.7,83.2,25.3,22.6,3.9,8.02,5.73,68.0,10.8,76.4
77,0=Blood Donor,38,m,42.0,42.7,34.8,42.2,3.3,6.1,4.74,96.0,14.6,66.7
315,0=Blood Donor,71,m,39.0,87.9,26.1,32.1,12.2,10.3,6.31,90.0,99.7,69.8
88,0=Blood Donor,39,m,45.7,73.4,45.5,33.8,5.0,9.07,4.41,82.0,20.6,78.9
330,0=Blood Donor,33,f,42.4,137.2,14.2,13.1,3.4,8.23,5.494315589353612,48.0,25.7,74.4
258,0=Blood Donor,56,m,49.5,56.3,22.1,24.9,11.5,8.56,4.69,91.0,14.7,69.6
179,0=Blood Donor,48,m,44.7,56.4,20.9,24.2,17.5,5.49,5.65,74.0,28.5,75.0
364,0=Blood Donor,38,f,40.3,87.2,21.4,23.9,5.5,7.52,5.73,69.0,20.1,74.0
209,0=Blood Donor,51,m,47.2,78.1,27.4,23.9,8.4,10.14,6.54,86.0,35.3,71.6
61,0=Blood Donor,37,m,51.2,84.5,18.8,24.7,9.9,8.62,6.59,94.0,25.3,76.3
197,0=Blood Donor,50,m,44.3,82.5,38.6,32.9,7.3,8.57,5.95,83.0,23.4,66.6
342,0=Blood Donor,34,f,39.7,39.3,11.2,16.4,8.4,5.27,4.68,61.0,24.3,71.5
476,0=Blood Donor,53,f,40.1,84.6,23.0,22.1,7.1,8.4,5.16,70.0,82.6,74.6
298,0=Blood Donor,65,m,41.0,81.8,27.9,23.6,9.1,7.46,5.84,78.0,21.2,68.2
393,0=Blood Donor,44,f,48.3,103.3,37.2,41.5,7.0,7.49,5.04,62.0,17.8,77.5
487,0=Blood Donor,54,f,43.3,76.5,19.9,22.4,7.0,8.04,6.77,67.0,17.7,73.3
222,0=Blood Donor,52,m,40.7,78.6,43.3,27.1,13.4,10.95,5.22,73.0,30.0,80.9
387,0=Blood Donor,43,f,33.7,57.5,15.1,24.8,6.9,7.91,5.37,71.0,46.0,68.4
325,0=Blood Donor,33,f,44.3,74.0,49.7,52.3,8.5,6.49,3.34,73.0,44.7,73.8
326,0=Blood Donor,33,f,38.1,35.2,11.9,18.3,3.0,6.09,5.22,76.0,15.4,72.0
57,0=Blood Donor,37,m,41.5,64.6,23.7,29.9,9.3,5.49,3.97,100.0,10.4,69.3
336,0=Blood Donor,34,f,37.3,36.3,19.9,28.7,3.8,3.9,4.94,86.0,4.9,70.7
429,0=Blood Donor,48,f,46.3,71.8,23.0,25.2,11.1,9.41,5.84,85.0,19.1,77.4
158,0=Blood Donor,46,m,49.7,48.2,11.5,17.6,11.2,6.74,3.71,106.0,10.6,75.2
76,0=Blood Donor,38,m,44.7,69.4,47.4,35.1,16.7,6.9,4.14,67.0,17.3,70.1
532,0=Blood Donor,68,f,41.4,102.3,38.4,26.4,6.8,8.5,6.79,59.0,23.8,68.9
114,0=Blood Donor,42,m,38.1,88.7,46.7,37.0,12.5,7.26,6.76,54.0,18.4,72.1
468,0=Blood Donor,52,f,41.7,58.3,22.9,26.7,11.4,9.17,4.33,75.0,14.5,77.1
535,0s=suspect Blood Donor,48,m,24.9,116.9,49.2,24.3,4.9,3.44,5.25,29.0,83.0,47.8
250,0=Blood Donor,55,m,44.7,71.6,22.9,22.1,5.5,6.82,4.61,105.0,59.2,72.7
300,0=Blood Donor,65,m,34.8,66.2,51.9,37.5,6.6,8.39,5.91,72.0,112.8,77.0
5,0=Blood Donor,32,m,39.2,74.1,32.6,24.8,9.6,9.15,4.32,76.0,29.9,68.7
153,0=Blood Donor,46,m,47.7,51.6,19.7,21.8,6.3,7.25,5.19,84.0,20.9,75.2
425,0=Blood Donor,48,f,45.6,107.2,24.4,39.0,13.8,9.77,5.494315589353612,88.0,38.0,75.1
615,3=Cirrhosis,59,f,36.0,93.22083333333335,100.0,80.0,12.0,9.07,5.3,67.0,34.0,68.0
163,0=Blood Donor,47,m,41.6,61.0,31.5,25.6,7.3,8.59,5.66,69.0,39.1,72.9
105,0=Blood Donor,41,m,40.2,48.2,37.0,34.9,9.2,11.35,5.56,78.0,26.6,73.3
403,0=Blood Donor,45,f,46.4,49.1,14.9,25.5,11.0,8.77,2.86,94.0,12.0,77.1
134,0=Blood Donor,44,m,44.0,84.3,47.4,31.3,4.1,10.28,5.42,105.0,34.2,75.3
203,0=Blood Donor,50,m,43.8,56.9,29.5,32.8,4.1,7.77,5.8,72.0,53.6,72.5
259,0=Blood Donor,56,m,45.7,45.3,19.5,27.0,9.3,10.62,6.04,94.0,17.4,74.5
83,0=Blood Donor,39,m,47.0,66.5,24.8,29.1,10.5,10.04,6.26,73.0,49.8,78.4
382,0=Blood Donor,43,f,41.2,38.2,18.6,20.5,9.3,6.15,5.44,64.0,9.7,70.9
99,0=Blood Donor,40,m,45.4,52.9,41.3,26.2,10.6,10.27,6.85,82.0,40.2,76.6
314,0=Blood Donor,70,m,41.0,63.5,16.9,21.6,5.9,6.03,4.74,83.0,13.5,73.7
270,0=Blood Donor,59,m,41.9,72.4,19.3,25.5,29.8,5.6,3.09,78.0,27.2,69.0
366,0=Blood Donor,39,f,31.4,106.0,16.6,17.0,2.4,5.95,5.3,68.0,22.9,72.3
442,0=Blood Donor,49,f,39.3,59.4,18.3,15.0,4.8,8.03,4.58,83.0,12.5,74.3
478,0=Blood Donor,53,f,43.5,61.7,16.9,20.3,7.0,7.19,6.97,74.0,12.3,69.2
123,0=Blood Donor,43,m,42.9,50.7,26.4,22.0,6.4,10.2,4.72,81.0,15.2,71.8
225,0=Blood Donor,52,m,41.0,61.4,28.7,34.8,5.4,9.36,6.66,100.0,26.8,73.6
29,0=Blood Donor,34,m,44.6,84.1,19.6,29.8,5.8,7.6,5.07,95.0,9.9,71.9
388,0=Blood Donor,43,f,47.8,40.9,12.9,17.2,5.5,4.31,3.96,76.0,10.4,70.7
212,0=Blood Donor,51,m,45.9,66.7,31.8,28.1,9.0,10.08,5.61,85.0,36.2,73.0
546,1=Hepatitis,29,m,49.0,42.114285714285714,53.0,39.0,15.0,8.79,3.6,79.0,37.0,90.0
575,2=Fibrosis,59,m,44.0,34.5,8.9,74.5,6.0,9.45,4.45,65.0,95.3,69.7
394,0=Blood Donor,44,f,35.8,65.7,21.2,19.2,4.3,10.19,6.13,61.0,19.6,69.4
230,0=Blood Donor,53,m,49.0,86.0,28.9,23.9,11.8,6.09,4.0,74.0,33.6,75.8
234,0=Blood Donor,53,m,41.7,45.3,23.2,25.1,10.8,5.68,5.78,119.0,114.9,67.9
343,0=Blood Donor,35,f,41.0,62.6,27.9,12.0,12.8,10.34,5.9,78.0,22.8,76.1
101,0=Blood Donor,41,m,45.1,86.8,24.0,23.9,10.6,7.84,6.23,72.0,35.3,75.1
437,0=Blood Donor,48,f,44.4,64.5,17.2,21.1,17.3,4.93,4.05,67.0,12.1,71.2
589,3=Cirrhosis,42,m,36.0,69.6,14.9,263.1,40.0,3.61,3.93,49.6,61.0,68.6
48,0=Blood Donor,36,m,48.7,65.0,11.5,18.0,7.4,8.02,7.35,69.0,14.2,73.4
26,0=Blood Donor,34,m,44.8,77.7,36.9,31.0,19.5,10.51,5.59,80.0,23.7,78.9
4,0=Blood Donor,32,m,43.2,52.0,30.6,22.6,18.9,7.33,4.74,80.0,33.8,75.7
492,0=Blood Donor,56,f,39.7,66.0,14.2,20.8,3.5,7.48,5.88,66.0,7.2,67.2
369,0=Blood Donor,40,f,41.6,60.4,14.7,16.3,5.7,7.61,4.57,72.0,9.8,73.1
17,0=Blood Donor,33,m,40.9,73.0,17.2,22.9,10.0,6.98,5.22,90.0,14.7,72.4
282,0=Blood Donor,61,m,45.9,73.3,17.1,24.3,4.8,10.01,4.95,88.0,23.5,70.8
398,0=Blood Donor,45,f,36.7,54.9,25.5,25.3,5.7,6.91,5.42,72.0,13.7,67.5
445,0=Blood Donor,49,f,45.4,45.9,14.3,15.9,5.8,9.05,6.81,69.0,14.5,78.2
516,0=Blood Donor,60,f,35.8,75.5,28.7,21.5,2.0,9.05,4.56,70.0,24.0,71.8
467,0=Blood Donor,52,f,36.0,47.2,19.6,22.5,5.9,7.85,5.69,85.0,30.4,69.2
320,0=Blood Donor,32,f,47.4,52.5,19.1,17.1,4.6,10.19,5.494315589353612,63.0,23.0,72.2
363,0=Blood Donor,38,f,41.2,61.9,19.4,22.9,10.5,7.86,3.61,85.0,19.5,66.6
165,0=Blood Donor,47,m,40.8,42.8,39.0,31.7,23.5,6.44,4.86,96.0,27.8,66.4
479,0=Blood Donor,53,f,41.1,91.7,13.8,19.6,3.4,7.87,5.48,72.0,77.3,77.3
168,0=Blood Donor,47,m,42.2,52.9,20.7,27.1,13.9,10.15,5.15,79.0,28.8,69.5
362,0=Blood Donor,38,f,50.3,92.1,40.1,30.9,4.2,10.02,3.97,100.0,30.5,77.3
45,0=Blood Donor,36,m,45.5,57.6,22.5,19.5,7.5,5.28,4.06,88.0,62.5,71.6
124,0=Blood Donor,43,m,39.4,61.8,55.0,32.5,7.1,11.94,7.84,64.0,153.5,75.6
18,0=Blood Donor,33,m,45.2,88.3,32.4,31.2,10.1,9.78,5.51,102.0,48.5,76.5
154,0=Blood Donor,46,m,44.8,98.0,41.0,30.6,4.0,10.92,7.42,91.0,28.8,79.8
439,0=Blood Donor,49,f,38.8,120.2,25.2,21.5,12.0,8.29,7.11,52.0,18.6,70.7
200,0=Blood Donor,50,m,36.0,51.0,26.1,29.0,6.5,7.5,5.75,67.0,64.0,70.5
152,0=Blood Donor,46,m,41.8,65.6,30.5,28.2,6.1,10.68,4.72,82.0,24.8,65.0
558,1=Hepatitis,51,m,43.0,37.2,21.4,132.8,5.0,10.12,5.23,76.2,76.4,76.7
509,0=Blood Donor,58,f,35.3,91.4,14.7,21.0,18.0,6.58,5.51,60.0,10.2,70.4
466,0=Blood Donor,52,f,43.8,52.0,15.5,23.9,6.0,7.93,5.41,69.0,11.9,72.4
549,1=Hepatitis,32,m,41.0,34.4,12.1,60.9,6.0,13.8,5.48,45.4,33.1,71.1
8,0=Blood Donor,32,m,42.2,41.9,35.8,31.1,16.1,5.82,4.6,109.0,21.5,67.1
59,0=Blood Donor,37,m,44.8,94.3,32.2,36.7,6.3,9.76,4.12,113.0,23.8,72.5
307,0=Blood Donor,66,m,41.0,61.4,28.7,34.8,5.4,9.36,6.66,100.0,26.8,73.6
246,0=Blood Donor,55,m,40.0,44.9,10.2,14.1,2.6,5.98,4.55,71.0,8.8,66.3
151,0=Blood Donor,46,m,37.9,79.9,17.7,20.1,12.7,10.1,5.38,72.0,12.7,67.7
521,0=Blood Donor,61,f,38.1,66.4,11.8,22.7,6.8,6.35,6.55,65.0,14.5,78.9
263,0=Blood Donor,57,m,46.4,80.1,20.2,23.9,19.2,8.02,5.31,74.0,17.1,77.5
413,0=Blood Donor,46,f,39.9,73.9,14.0,17.2,16.3,6.93,5.11,71.0,12.7,64.7
239,0=Blood Donor,54,m,43.0,67.0,36.1,26.1,5.0,10.2,5.98,105.0,45.4,75.9
171,0=Blood Donor,47,m,45.3,51.6,18.4,16.9,7.1,8.96,4.29,74.0,15.7,69.1
603,3=Cirrhosis,61,m,39.0,102.9,27.3,143.2,15.0,5.38,4.88,72.3,400.3,73.4
177,0=Blood Donor,48,m,38.2,94.9,32.0,29.4,21.5,7.93,5.36,98.0,53.0,71.8
58,0=Blood Donor,37,m,47.9,68.8,40.3,46.9,6.0,9.76,6.42,81.0,22.7,80.6
498,0=Blood Donor,56,f,39.9,83.8,19.1,23.6,4.3,7.61,6.06,72.0,16.4,67.1
208,0=Blood Donor,51,m,36.8,98.5,25.5,27.7,5.0,9.49,6.08,89.0,18.2,64.9
20,0=Blood Donor,33,m,42.0,63.1,32.6,34.9,11.2,7.01,4.05,105.0,19.1,68.1
584,2=Fibrosis,56,f,39.0,37.84166666666666,42.0,34.0,10.0,7.75,5.0,80.0,84.0,78.0
147,0=Blood Donor,45,m,45.7,75.4,41.4,28.6,7.7,10.88,6.25,99.0,85.4,78.8
604,3=Cirrhosis,65,m,32.48275862068966,93.22083333333335,40.0,54.0,13.0,7.5,4.008571428571428,70.0,107.0,79.0
406,0=Blood Donor,45,f,59.8,59.8,13.2,17.4,6.9,5.62,6.42,70.0,12.3,66.6
360,0=Blood Donor,38,f,40.0,73.5,16.6,19.2,8.3,5.23,5.52,54.0,24.0,71.0
296,0=Blood Donor,64,m,35.1,72.5,27.2,30.5,20.8,7.99,6.47,91.0,36.2,68.7
588,3=Cirrhosis,41,m,31.0,85.3,4.8,60.2,200.0,1.8,5.34,106.4,151.0,71.8
465,0=Blood Donor,52,f,45.5,78.2,25.2,27.7,4.7,8.65,6.04,65.0,28.3,70.5
82,0=Blood Donor,39,m,38.8,52.5,54.3,31.3,10.1,10.68,6.26,81.0,31.5,77.2
561,1=Hepatitis,33,f,43.0,29.6,3.8,16.7,6.0,6.88,5.72,58.8,11.5,78.2
557,1=Hepatitis,50,m,42.0,41.6,10.2,38.1,17.0,9.54,7.04,75.3,92.1,72.3
316,0=Blood Donor,76,m,29.2,48.9,25.2,27.2,8.3,4.52,2.79,127.0,18.3,58.1
80,0=Blood Donor,38,m,40.5,61.7,18.6,24.7,6.7,8.47,6.05,89.0,19.6,75.6
341,0=Blood Donor,34,f,45.5,76.9,17.4,18.6,3.2,8.45,5.1,53.0,25.8,79.7
453,0=Blood Donor,51,f,46.3,70.5,75.2,69.2,6.1,7.68,4.73,69.0,52.2,78.3
184,0=Blood Donor,48,m,42.6,69.1,17.6,28.3,7.7,15.4,5.07,81.0,29.9,77.8
41,0=Blood Donor,35,m,47.4,54.5,18.6,21.6,10.3,8.1,6.23,66.0,28.1,74.0
514,0=Blood Donor,59,f,40.0,68.4,13.2,20.3,8.2,9.1,6.38,63.0,16.3,71.9
60,0=Blood Donor,37,m,38.6,61.2,24.6,31.9,7.9,6.02,4.63,72.0,10.3,56.3
402,0=Blood Donor,45,f,41.8,87.5,37.1,25.6,10.3,10.25,4.56,86.0,92.3,68.4
10,0=Blood Donor,32,m,42.4,86.3,20.3,20.0,35.2,5.46,4.45,81.0,15.9,69.9
511,0=Blood Donor,58,f,47.0,74.8,36.1,28.9,5.3,9.82,6.71,70.0,32.0,76.6
187,0=Blood Donor,49,m,39.1,62.1,23.8,19.6,3.5,9.19,4.82,85.0,19.4,69.8
286,0=Blood Donor,61,m,38.9,59.5,22.8,30.9,6.3,9.45,5.23,95.0,20.3,71.4
293,0=Blood Donor,63,m,40.8,74.3,25.0,27.5,5.5,7.74,6.35,107.0,50.4,69.3
443,0=Blood Donor,49,f,40.5,31.3,16.2,19.4,11.2,4.95,5.1,75.0,14.9,73.2
411,0=Blood Donor,46,f,32.4,56.5,23.8,24.8,6.4,8.22,5.19,64.0,11.0,72.0
195,0=Blood Donor,50,m,40.0,87.8,87.5,52.6,4.8,8.7,6.46,76.0,152.5,71.0
462,0=Blood Donor,51,f,39.6,43.0,16.3,19.6,7.5,5.57,4.96,83.0,62.1,72.9
275,0=Blood Donor,59,m,37.8,83.7,25.3,20.0,18.6,7.52,5.07,108.0,17.4,64.1
346,0=Blood Donor,35,f,45.6,38.2,22.0,21.9,3.0,6.94,4.69,64.0,17.4,70.4
166,0=Blood Donor,47,m,48.0,66.5,17.5,23.2,9.9,7.09,5.06,81.0,14.9,68.1
344,0=Blood Donor,35,f,40.5,72.4,14.5,17.9,5.8,9.38,4.13,75.0,17.8,69.9
188,0=Blood Donor,49,m,39.7,77.3,20.2,19.0,8.8,7.26,4.98,84.0,74.5,65.4
2,0=Blood Donor,32,m,38.5,70.3,18.0,24.7,3.9,11.17,4.8,74.0,15.6,76.5
51,0=Blood Donor,36,m,42.6,65.3,35.8,27.1,15.7,10.66,4.38,96.0,34.7,71.0
379,0=Blood Donor,42,f,38.7,64.1,35.9,27.8,6.0,8.18,4.87,64.0,15.2,72.1
529,0=Blood Donor,64,f,39.8,68.1,20.5,24.8,5.8,7.53,7.58,56.0,14.2,65.8
531,0=Blood Donor,65,f,33.0,74.3,13.2,16.8,4.1,7.46,5.76,52.0,9.1,64.2
249,0=Blood Donor,55,m,28.1,65.5,16.6,17.5,2.8,5.58,4.39,65.0,26.2,62.4
54,0=Blood Donor,37,m,31.4,106.0,16.6,17.0,2.4,5.95,5.3,68.0,22.9,72.3
251,0=Blood Donor,55,m,41.5,59.5,15.4,16.2,6.8,6.35,5.22,80.0,12.4,69.9
368,0=Blood Donor,40,f,41.7,55.3,12.4,23.5,8.2,4.8,5.32,75.0,10.6,73.5
33,0=Blood Donor,34,m,43.6,58.9,47.1,31.1,18.5,9.14,4.99,95.0,22.2,69.3
312,0=Blood Donor,68,m,39.3,76.7,19.7,24.6,6.3,10.51,4.15,74.0,28.1,74.2
96,0=Blood Donor,40,m,45.0,74.2,20.9,29.1,12.0,9.1,6.29,92.0,24.1,74.1
332,0=Blood Donor,33,f,35.4,53.5,9.8,17.6,3.8,6.0,4.48,78.0,8.0,71.5
40,0=Blood Donor,35,m,44.5,70.3,26.2,25.1,5.1,10.12,4.69,82.0,20.7,67.2
471,0=Blood Donor,52,f,36.7,87.6,34.3,30.8,17.7,10.12,6.98,72.0,24.2,66.3
107,0=Blood Donor,41,m,44.7,74.9,25.2,20.2,6.3,10.34,4.23,74.0,23.7,72.1
149,0=Blood Donor,46,m,35.7,49.2,22.7,23.0,17.4,8.51,5.85,87.0,13.4,62.1
396,0=Blood Donor,44,f,36.3,76.4,17.1,20.8,4.6,6.8,4.27,74.0,14.3,68.0
174,0=Blood Donor,47,m,55.4,61.2,25.4,32.9,28.3,8.39,5.25,96.0,10.3,82.1
489,0=Blood Donor,55,f,36.2,101.3,19.2,21.9,4.9,6.5,5.86,66.0,12.3,70.3
277,0=Blood Donor,60,m,46.3,59.7,24.4,30.4,18.0,7.05,6.2,91.0,13.8,66.9
567,2=Fibrosis,46,m,45.0,26.9,23.1,125.0,17.0,6.97,4.01,60.5,72.2,73.0
415,0=Blood Donor,46,f,41.1,47.5,21.0,17.7,7.1,7.55,4.42,62.0,11.9,69.8
13,0=Blood Donor,33,m,36.3,78.6,23.6,22.0,7.0,8.56,5.38,78.0,19.4,68.7
205,0=Blood Donor,50,m,39.7,96.5,54.8,30.8,3.3,8.98,5.66,82.0,52.4,65.8
441,0=Blood Donor,49,f,39.1,89.4,15.4,24.1,4.1,10.03,8.36,74.0,12.0,68.1
299,0=Blood Donor,65,m,43.1,64.8,43.1,35.6,9.5,9.6,4.03,78.0,21.9,71.5
608,3=Cirrhosis,52,f,39.0,37.0,1.3,30.4,21.0,6.33,3.78,158.2,142.5,82.7
285,0=Blood Donor,61,m,44.8,104.9,15.0,18.8,6.5,9.38,5.42,69.0,26.2,79.6
573,2=Fibrosis,54,m,41.0,41.8,41.5,187.9,21.0,8.59,5.85,91.0,104.9,79.1
93,0=Blood Donor,40,m,47.8,68.0,17.5,22.3,7.7,9.94,6.09,88.0,23.3,73.9
543,1=Hepatitis,23,m,47.0,19.1,38.9,164.2,17.0,7.09,3.2,79.3,90.4,70.1
447,0=Blood Donor,50,f,36.9,50.6,15.5,21.7,2.1,9.97,7.01,68.0,17.6,68.4
430,0=Blood Donor,48,f,45.3,40.6,18.5,27.7,5.7,7.48,4.64,66.0,19.6,70.6
38,0=Blood Donor,35,m,48.7,72.7,24.1,31.0,45.1,9.4,3.8,90.0,20.0,75.8
217,0=Blood Donor,52,m,82.2,82.2,37.0,23.7,7.8,8.9,6.09,77.0,87.8,67.4
606,3=Cirrhosis,42,f,33.0,79.0,3.7,55.7,200.0,1.72,5.16,89.1,146.3,69.9
24,0=Blood Donor,34,m,43.4,46.1,97.8,46.2,11.3,7.99,3.62,71.0,35.3,69.6
515,0=Blood Donor,60,f,40.5,86.0,26.0,27.6,5.7,8.6,4.9,58.0,20.1,71.7
503,0=Blood Donor,57,f,27.3,85.1,18.4,25.4,2.2,8.96,6.66,68.0,10.2,62.5
539,0s=suspect Blood Donor,74,m,20.3,84.0,22.8,43.0,5.7,4.91,3.19,52.0,218.3,47.8
255,0=Blood Donor,56,m,37.9,49.2,16.6,15.7,3.7,9.9,5.3,95.0,20.8,67.1
386,0=Blood Donor,43,f,44.8,58.8,23.0,30.1,6.6,8.7,6.08,70.0,10.4,72.8
30,0=Blood Donor,34,m,46.8,61.7,24.5,24.2,23.1,10.99,4.6,83.0,23.8,73.1
391,0=Blood Donor,44,f,35.5,60.0,13.7,15.0,9.1,6.71,5.29,64.0,7.4,65.2
22,0=Blood Donor,33,m,46.7,88.3,23.4,23.9,7.8,9.42,4.62,78.0,29.5,74.3
247,0=Blood Donor,55,m,46.2,87.1,36.9,21.0,4.5,7.55,6.33,80.0,30.2,72.2
544,1=Hepatitis,25,m,42.0,38.2,63.3,187.7,14.0,6.0,4.28,66.9,40.2,70.5
405,0=Blood Donor,45,f,37.0,78.2,19.9,19.1,4.3,6.6,4.73,64.0,31.8,69.6
322,0=Blood Donor,32,f,43.5,66.2,9.2,17.8,5.7,7.14,4.38,71.0,44.6,76.1
570,2=Fibrosis,49,m,46.0,37.84166666666666,114.0,75.0,16.0,10.43,5.2,72.0,59.0,82.0
512,0=Blood Donor,59,f,43.0,82.4,33.1,30.0,7.5,9.2,7.43,61.0,30.7,75.4
578,2=Fibrosis,36,f,46.0,39.3,67.1,161.9,13.0,9.24,4.81,65.3,60.0,73.9
52,0=Blood Donor,36,m,42.4,47.3,23.0,25.5,6.1,9.46,5.29,79.0,17.5,73.8
169,0=Blood Donor,47,m,48.3,59.3,49.9,31.7,7.1,11.09,5.56,88.0,91.5,73.0
265,0=Blood Donor,58,m,46.8,79.3,38.0,24.1,4.7,9.51,5.07,99.0,22.9,72.4
131,0=Blood Donor,44,m,44.5,93.6,27.5,25.5,5.4,7.79,4.59,108.0,16.7,76.8
68,0=Blood Donor,37,m,43.6,72.8,51.4,43.7,13.8,8.16,4.88,70.0,94.5,75.2
484,0=Blood Donor,54,f,26.2,72.9,28.5,28.8,5.5,7.49,4.91,58.0,27.6,57.0
194,0=Blood Donor,49,m,47.8,67.9,44.2,29.9,6.9,8.76,6.23,99.0,26.9,79.5
46,0=Blood Donor,36,m,41.7,77.2,103.6,46.9,10.4,12.21,5.63,88.0,20.9,69.3
499,0=Blood Donor,57,f,48.4,94.4,2.5,39.6,2.3,8.84,5.494315589353612,82.0,6.4,76.8
423,0=Blood Donor,47,f,34.6,54.1,10.2,15.3,8.4,6.5,5.1,76.0,10.6,67.7
199,0=Blood Donor,50,m,43.5,76.2,13.1,18.8,5.6,8.11,4.55,57.0,16.5,67.0
400,0=Blood Donor,45,f,38.6,56.0,20.6,21.5,14.1,6.92,5.48,69.0,14.9,69.9
612,3=Cirrhosis,64,f,24.0,102.8,2.9,44.4,20.0,1.54,3.02,63.0,35.9,71.3
228,0=Blood Donor,53,m,38.7,104.0,66.9,34.3,7.8,8.07,4.6,106.0,73.7,73.2
65,0=Blood Donor,37,m,33.9,64.0,91.7,44.7,9.1,8.35,5.4,95.0,30.3,74.7
240,0=Blood Donor,54,m,46.4,75.1,54.1,39.6,10.6,6.59,7.43,85.0,73.2,75.2
525,0=Blood Donor,62,f,44.0,46.6,24.8,25.5,7.6,6.75,4.59,91.0,39.5,74.3
73,0=Blood Donor,38,m,45.5,50.2,16.3,22.8,10.9,8.73,5.88,103.0,13.8,76.1
28,0=Blood Donor,34,m,29.0,41.6,29.1,16.1,4.8,6.82,4.03,62.0,14.5,53.2
268,0=Blood Donor,59,m,45.7,115.4,16.4,23.8,3.7,8.2,4.46,70.0,14.3,78.5
540,0s=suspect Blood Donor,59,f,19.3,208.2,325.3,146.6,6.9,5.33,4.72,32.0,295.6,53.1
389,0=Blood Donor,44,f,37.4,28.9,16.8,25.8,3.1,6.7,4.45,50.0,9.2,66.3
223,0=Blood Donor,52,m,41.2,67.4,20.4,18.8,4.3,8.51,4.97,82.0,40.4,68.5
238,0=Blood Donor,54,m,46.0,70.2,18.6,24.7,24.1,7.83,6.24,76.0,24.3,76.8
586,3=Cirrhosis,38,m,44.0,93.22083333333335,94.0,60.0,12.0,4.37,3.2,61.0,99.0,77.0
553,1=Hepatitis,38,m,41.0,20.6,15.2,53.5,24.0,10.23,4.89,81.8,57.9,71.1
78,0=Blood Donor,38,m,48.4,44.9,23.4,22.1,7.9,10.53,7.51,87.0,43.2,82.6
172,0=Blood Donor,47,m,36.7,44.8,29.3,23.5,6.9,7.38,4.44,87.0,24.4,68.3
355,0=Blood Donor,36,f,39.9,59.0,11.3,20.4,9.4,7.6,5.51,69.0,16.0,81.0
224,0=Blood Donor,52,m,46.6,72.2,35.0,41.1,4.6,7.7,6.92,80.0,21.5,79.6
56,0=Blood Donor,37,m,44.0,57.4,26.1,24.6,9.7,10.41,6.17,83.0,38.9,76.5
460,0=Blood Donor,51,f,41.0,81.2,35.1,33.3,5.2,8.9,6.56,70.0,21.7,72.4
367,0=Blood Donor,39,f,46.4,59.2,14.1,18.9,4.5,7.9,4.55,61.0,14.5,77.3
186,0=Blood Donor,48,m,50.4,34.6,37.2,28.0,17.3,10.87,6.97,114.0,45.2,72.9
164,0=Blood Donor,47,m,49.5,75.2,29.6,29.0,7.3,10.67,5.96,75.0,34.9,72.4
357,0=Blood Donor,37,f,39.2,58.1,12.0,21.0,5.3,5.96,5.8,72.0,15.6,70.7
559,1=Hepatitis,56,m,37.0,114.0,27.8,324.0,67.0,5.75,3.09,97.7,392.2,77.3
155,0=Blood Donor,46,m,49.1,60.0,19.5,20.5,3.1,7.81,5.02,102.0,20.8,70.2
354,0=Blood Donor,36,f,39.7,52.0,39.9,33.5,2.9,9.0,4.18,77.0,27.0,78.5
231,0=Blood Donor,53,m,37.8,98.1,30.5,21.1,4.0,5.02,4.42,94.0,23.2,65.2
89,0=Blood Donor,39,m,37.5,80.2,32.6,25.3,2.7,9.3,6.85,72.0,27.5,73.1
72,0=Blood Donor,38,m,39.9,62.9,71.7,43.9,10.4,10.9,7.01,99.0,88.3,73.1
353,0=Blood Donor,36,f,46.4,69.1,17.7,24.3,6.6,6.5,5.62,67.0,18.5,75.5
359,0=Blood Donor,37,f,40.5,47.3,15.3,19.4,4.9,5.4,3.95,76.0,7.1,69.0
87,0=Blood Donor,39,m,36.0,36.5,21.5,25.7,3.3,8.43,4.85,93.0,23.1,70.5
420,0=Blood Donor,47,f,35.6,37.5,17.6,18.0,4.7,4.32,5.59,75.0,13.0,66.0
550,1=Hepatitis,34,m,46.0,36.7,7.4,31.6,9.0,9.71,5.37,82.3,34.4,71.6
276,0=Blood Donor,60,m,42.2,48.8,41.0,34.8,3.6,9.6,5.6,98.0,71.4,71.6
433,0=Blood Donor,48,f,43.7,50.1,17.3,26.3,8.1,8.15,5.38,64.0,13.4,73.1
590,3=Cirrhosis,45,m,29.0,11.3,7.1,101.9,31.0,1.73,3.71,76.7,65.6,70.0
597,3=Cirrhosis,56,m,23.0,105.6,5.1,123.0,43.0,1.8,2.4,62.7,35.9,62.8
444,0=Blood Donor,49,f,34.9,37.9,15.3,19.4,7.1,5.3,5.88,83.0,7.9,62.5
480,0=Blood Donor,53,f,38.0,84.7,23.5,19.8,10.8,7.3,4.82,62.0,11.4,68.5
97,0=Blood Donor,40,m,39.1,66.5,33.3,32.9,14.8,7.87,4.91,88.0,18.5,68.8
142,0=Blood Donor,45,m,41.7,73.2,43.6,29.4,6.4,8.89,5.31,71.0,67.4,70.3
601,3=Cirrhosis,59,m,27.0,73.8,4.0,65.2,209.0,2.47,3.61,71.7,28.5,60.6
274,0=Blood Donor,59,m,43.8,46.6,28.3,27.4,6.1,10.56,5.47,83.0,20.3,78.5
395,0=Blood Donor,44,f,43.0,86.5,18.3,25.0,2.2,8.45,5.9,63.0,13.6,72.7
218,0=Blood Donor,52,m,39.3,63.6,20.7,25.3,4.4,8.26,5.35,84.0,18.9,64.4
289,0=Blood Donor,62,m,39.6,42.7,31.3,30.9,13.5,7.17,3.81,89.0,16.3,64.8
119,0=Blood Donor,43,m,39.7,126.0,21.9,28.9,16.2,8.48,5.3,114.0,21.4,80.3
552,1=Hepatitis,36,m,44.0,32.9,9.4,32.0,14.0,11.42,5.73,68.6,40.6,70.9
380,0=Blood Donor,43,f,37.6,77.1,8.3,15.9,12.5,8.37,4.49,73.0,68.9,67.1
198,0=Blood Donor,50,m,45.7,62.6,55.9,24.3,12.8,10.79,6.42,89.0,55.2,74.2
335,0=Blood Donor,33,f,40.6,73.7,12.6,16.3,3.1,7.75,6.36,67.0,19.5,71.4
44,0=Blood Donor,36,m,46.1,58.5,26.8,25.3,6.0,6.61,5.07,71.0,10.5,79.6
120,0=Blood Donor,43,m,54.4,99.3,40.2,29.5,6.1,8.84,5.92,95.0,22.3,79.3
269,0=Blood Donor,59,m,45.3,106.5,13.5,19.2,6.9,7.97,4.86,67.0,15.7,74.6
585,2=Fibrosis,75,f,36.0,37.84166666666666,114.0,125.0,14.0,6.65,4.5954999999999995,57.0,177.0,72.0
370,0=Blood Donor,40,f,43.2,42.4,15.7,23.6,9.7,7.56,6.74,88.0,11.5,73.2
75,0=Blood Donor,38,m,41.2,43.8,19.9,20.5,10.1,5.95,3.91,63.0,70.8,67.4
140,0=Blood Donor,45,m,46.5,77.8,52.9,34.0,12.1,9.82,5.58,101.0,34.9,76.2
496,0=Blood Donor,56,f,33.2,54.3,15.5,22.8,8.0,5.61,3.87,55.0,19.1,63.1
568,2=Fibrosis,48,m,49.0,45.2,19.3,69.1,30.0,7.76,4.22,76.7,28.4,72.3
106,0=Blood Donor,41,m,53.3,79.0,29.5,28.5,14.1,7.96,5.9,87.0,33.8,83.4
308,0=Blood Donor,67,m,44.8,72.8,39.4,28.4,23.3,7.84,7.02,97.0,78.3,67.5
537,0s=suspect Blood Donor,55,m,47.3,106.0,208.8,130.6,0.8,14.8,8.08,76.0,71.6,78.3
62,0=Blood Donor,37,m,41.9,77.5,24.9,25.8,4.1,8.7,4.36,84.0,16.0,71.5
242,0=Blood Donor,54,m,41.6,100.4,51.8,35.7,4.3,10.37,7.29,92.0,82.6,72.4
125,0=Blood Donor,43,m,41.5,75.6,15.3,21.2,5.2,7.36,4.71,84.0,12.9,72.2
600,3=Cirrhosis,59,m,36.0,49.7,5.2,110.1,37.0,2.29,3.68,118.2,56.9,74.8
121,0=Blood Donor,43,m,36.3,67.3,28.7,27.9,5.5,8.55,5.27,97.0,17.1,74.2
132,0=Blood Donor,44,m,37.4,105.7,16.2,21.3,5.2,8.69,6.02,67.0,14.0,70.9
291,0=Blood Donor,63,m,39.5,59.6,26.2,25.4,12.4,6.78,6.18,78.0,22.6,72.7
162,0=Blood Donor,47,m,44.7,59.3,27.8,30.5,6.9,7.37,5.1,101.0,21.1,77.2
27,0=Blood Donor,34,m,42.6,27.0,21.4,21.7,7.2,8.15,6.79,85.0,13.9,67.7
11,0=Blood Donor,32,m,44.3,52.3,21.7,22.4,17.2,4.15,3.57,78.0,24.1,75.4
417,0=Blood Donor,46,f,37.9,59.5,33.0,25.0,3.7,6.06,5.3,92.0,43.9,70.0
427,0=Blood Donor,48,f,39.2,51.0,15.3,18.4,7.6,9.17,6.66,70.0,16.2,71.7
202,0=Blood Donor,50,m,40.3,70.5,46.4,32.3,6.8,8.11,4.06,77.0,16.9,69.2
233,0=Blood Donor,53,m,40.5,76.1,27.8,22.0,6.3,11.14,6.96,90.0,53.1,71.3
385,0=Blood Donor,43,f,34.7,80.7,27.0,27.9,3.7,7.18,5.55,68.0,9.2,68.2
117,0=Blood Donor,42,m,46.2,57.7,35.6,22.9,14.8,11.01,8.6,80.0,70.1,77.5
108,0=Blood Donor,41,m,37.4,75.1,28.0,25.7,4.1,10.62,5.57,83.0,18.6,71.9
126,0=Blood Donor,43,m,42.8,76.9,57.7,33.0,11.3,9.63,9.43,72.0,23.3,72.9
133,0=Blood Donor,44,m,35.5,81.7,27.5,29.5,6.4,8.81,6.65,83.0,24.1,68.0
545,1=Hepatitis,27,m,45.0,27.5,10.5,37.8,10.0,8.77,3.2,55.2,35.9,74.5
244,0=Blood Donor,55,m,39.0,45.8,23.5,21.2,2.4,8.41,7.73,73.0,36.3,73.0
327,0=Blood Donor,33,f,41.0,61.1,27.0,28.0,6.0,8.36,4.93,70.0,24.7,70.5
288,0=Blood Donor,62,m,46.6,98.0,36.7,29.4,7.0,7.56,5.52,70.0,23.1,86.5
436,0=Blood Donor,48,f,44.4,52.5,16.4,23.4,4.5,9.06,6.78,74.0,10.3,73.1
86,0=Blood Donor,39,m,43.4,48.6,33.4,35.0,23.4,9.68,5.55,73.0,22.1,75.2
104,0=Blood Donor,41,m,46.9,69.0,19.7,27.3,6.1,6.39,4.55,72.0,21.6,71.3
506,0=Blood Donor,57,f,48.0,56.9,8.6,20.1,4.4,8.14,6.9,63.0,14.8,73.1
414,0=Blood Donor,46,f,42.9,55.1,15.2,29.8,3.6,8.37,5.494315589353612,61.0,29.0,71.9
279,0=Blood Donor,60,m,43.4,71.5,10.2,17.4,7.5,8.11,5.31,74.0,13.3,71.5
375,0=Blood Donor,41,f,39.3,67.9,17.6,23.4,3.7,6.57,4.33,71.0,61.0,77.1
345,0=Blood Donor,35,f,43.4,62.6,19.2,22.0,3.0,10.03,5.07,64.0,12.4,72.8
435,0=Blood Donor,48,f,42.5,62.2,12.1,20.1,23.1,4.01,5.58,67.0,13.0,74.2
237,0=Blood Donor,54,m,46.9,74.7,36.2,52.6,6.1,8.84,5.2,86.0,33.2,79.3
297,0=Blood Donor,64,m,44.5,87.8,15.1,23.2,12.3,9.49,7.7,78.0,20.0,74.3
173,0=Blood Donor,47,m,48.0,56.4,23.0,25.7,6.5,8.32,6.3,89.0,23.3,78.0
64,0=Blood Donor,37,m,50.4,48.5,19.4,27.5,11.6,5.78,4.93,90.0,27.8,75.0
377,0=Blood Donor,41,f,39.8,67.9,19.4,19.5,12.2,7.41,5.02,64.0,27.3,65.5
611,3=Cirrhosis,62,f,32.0,416.6,5.9,110.3,50.0,5.57,6.3,55.7,650.9,68.5
98,0=Blood Donor,40,m,45.1,63.4,39.6,31.4,19.7,11.31,4.74,91.0,18.2,81.1
328,0=Blood Donor,33,f,38.2,54.4,17.3,21.2,7.1,8.67,5.69,68.0,32.1,66.9
477,0=Blood Donor,53,f,43.7,84.3,18.8,18.6,8.5,10.22,6.65,56.0,16.5,76.9
261,0=Blood Donor,57,m,43.5,56.2,60.4,37.3,7.3,6.79,5.99,110.0,185.2,71.8
459,0=Blood Donor,51,f,41.4,136.9,33.2,20.0,5.0,10.27,6.24,77.0,106.7,72.2
311,0=Blood Donor,68,m,42.9,71.1,15.0,34.8,9.3,8.39,6.64,89.0,14.5,75.5
215,0=Blood Donor,52,m,42.3,72.6,47.4,23.8,6.0,8.62,7.2,86.0,36.1,77.6
384,0=Blood Donor,43,f,39.0,63.0,7.3,17.5,6.4,7.01,4.94,73.0,14.6,74.4
305,0=Blood Donor,66,m,40.6,79.6,27.0,28.0,10.1,10.88,5.48,76.0,29.8,71.8
318,0=Blood Donor,77,m,52.2,52.2,12.0,23.5,10.9,5.51,4.41,103.0,25.8,67.2
160,0=Blood Donor,46,m,47.4,55.9,35.2,33.5,10.2,10.61,4.95,96.0,41.7,76.3
21,0=Blood Donor,33,m,44.3,49.8,32.1,21.6,13.1,7.44,5.59,103.0,30.2,74.0
178,0=Blood Donor,48,m,43.1,83.9,20.8,27.4,18.3,9.82,6.14,90.0,16.4,74.9
374,0=Blood Donor,41,f,42.4,51.3,16.3,18.3,4.0,6.68,4.24,65.0,17.1,71.9
434,0=Blood Donor,48,f,46.8,93.3,10.0,23.2,4.3,12.41,5.494315589353612,52.0,23.9,72.4
32,0=Blood Donor,34,m,46.1,70.6,35.8,30.0,7.6,7.7,4.2,93.0,14.3,78.7
610,3=Cirrhosis,59,f,39.0,51.3,19.6,285.8,40.0,5.77,4.51,136.1,101.1,70.5
81,0=Blood Donor,39,m,45.1,63.9,26.0,21.3,9.3,8.57,5.24,79.0,29.4,71.2
245,0=Blood Donor,55,m,42.9,92.6,21.6,26.1,7.4,12.86,5.73,94.0,42.9,70.1
464,0=Blood Donor,51,f,43.7,61.3,18.0,23.3,4.3,9.57,6.04,70.0,18.6,75.2
248,0=Blood Donor,55,m,47.6,71.9,25.8,24.5,5.8,9.24,4.63,83.0,29.1,76.7
319,0=Blood Donor,32,f,39.9,35.2,22.0,29.8,6.3,8.16,4.37,60.0,4.5,72.5
371,0=Blood Donor,40,f,42.9,54.7,46.2,32.8,11.8,8.29,5.25,105.0,27.9,73.9
102,0=Blood Donor,41,m,38.5,63.9,34.3,43.4,9.6,6.8,4.13,90.0,11.4,64.1
351,0=Blood Donor,35,f,46.1,88.7,23.1,20.0,7.7,8.41,4.79,74.0,28.1,79.3
376,0=Blood Donor,41,f,46.2,48.3,15.8,16.6,4.3,4.55,5.18,67.0,13.0,73.7
150,0=Blood Donor,46,m,39.7,40.3,14.6,22.3,5.3,6.3,4.66,71.0,11.7,67.2
454,0=Blood Donor,51,f,37.8,80.7,32.9,27.3,6.2,7.29,5.26,68.0,27.1,70.6
206,0=Blood Donor,50,m,42.2,145.0,27.5,37.9,4.5,13.71,8.8,103.0,239.0,73.1
542,1=Hepatitis,19,m,41.0,42.114285714285714,87.0,67.0,12.0,7.55,3.9,62.0,65.0,75.0
548,1=Hepatitis,32,m,45.0,34.6,44.3,96.2,16.0,10.11,6.28,81.2,48.1,82.1
135,0=Blood Donor,44,m,48.6,73.5,49.6,32.5,22.6,11.24,6.68,95.0,32.2,74.0
323,0=Blood Donor,33,f,36.0,77.5,14.8,22.0,4.4,8.61,5.26,66.0,13.1,66.1
361,0=Blood Donor,38,f,48.5,56.2,36.0,27.9,15.3,11.07,6.06,69.0,23.5,77.3
432,0=Blood Donor,48,f,39.6,65.9,64.3,39.5,2.8,8.8,6.14,77.0,24.1,75.8
337,0=Blood Donor,34,f,41.9,47.4,20.8,28.5,8.0,7.66,4.61,97.0,11.2,71.9
438,0=Blood Donor,48,f,38.8,43.9,12.8,13.3,8.6,5.63,5.31,66.0,21.4,63.2
587,3=Cirrhosis,39,m,34.0,137.8,4.8,35.6,9.0,3.65,4.82,519.0,133.4,57.5
609,3=Cirrhosis,58,f,34.0,46.4,15.0,150.0,8.0,6.26,3.98,56.0,49.7,80.6
214,0=Blood Donor,51,m,46.3,69.4,20.1,26.8,4.5,9.99,4.14,81.0,12.3,73.9
115,0=Blood Donor,42,m,46.9,68.7,118.1,49.3,20.2,7.93,5.62,86.0,74.9,73.8
598,3=Cirrhosis,56,m,30.0,40.4,0.9,80.3,119.0,1.88,1.43,79.3,17.6,54.2
431,0=Blood Donor,48,f,37.5,88.3,14.7,19.6,5.4,9.28,4.68,61.0,12.3,67.9
49,0=Blood Donor,36,m,53.0,66.4,40.8,23.2,7.5,8.73,5.81,75.0,36.1,77.3
66,0=Blood Donor,37,m,42.9,61.8,96.1,44.1,9.6,7.82,5.1,82.0,32.3,69.3
572,2=Fibrosis,53,m,46.0,37.84166666666666,34.0,43.0,14.0,8.77,4.0,112.0,203.0,76.0
504,0=Blood Donor,57,f,37.9,50.3,12.2,18.1,3.5,6.72,5.06,71.0,10.0,69.3
451,0=Blood Donor,50,f,41.2,45.6,25.0,25.1,4.1,7.16,6.54,64.0,15.4,68.2
139,0=Blood Donor,45,m,41.4,63.2,41.4,31.6,5.8,12.28,7.29,82.0,56.0,70.6
74,0=Blood Donor,38,m,43.4,58.9,45.7,45.7,9.2,10.86,5.74,90.0,30.0,73.9
452,0=Blood Donor,50,f,34.6,63.0,24.7,31.0,12.8,6.55,5.95,70.0,25.4,70.2
260,0=Blood Donor,57,m,59.7,64.5,17.3,21.2,18.9,12.07,3.97,106.0,15.1,77.6
122,0=Blood Donor,43,m,48.6,45.0,10.5,40.5,5.3,7.09,5.494315589353612,63.0,25.1,70.0
594,3=Cirrhosis,51,m,39.0,66.0,29.6,185.0,19.0,2.0,3.6,58.3,399.5,79.4
372,0=Blood Donor,40,f,39.9,50.2,14.9,20.4,5.1,6.49,4.92,68.0,24.1,72.8
556,1=Hepatitis,46,m,48.0,59.5,11.6,39.0,7.0,16.41,4.65,66.4,158.2,72.7
267,0=Blood Donor,58,m,40.9,55.8,17.5,23.0,5.3,8.52,6.41,93.0,18.5,70.9
118,0=Blood Donor,43,m,37.0,82.0,25.3,26.2,5.4,8.42,4.96,79.0,15.9,68.4
181,0=Blood Donor,48,m,43.4,41.2,18.4,21.2,9.8,7.19,6.37,80.0,15.8,68.9
455,0=Blood Donor,51,f,38.3,52.9,12.4,16.5,3.8,7.22,5.43,55.0,12.7,70.2
3,0=Blood Donor,32,m,46.9,74.7,36.2,52.6,6.1,8.84,5.2,86.0,33.2,79.3
232,0=Blood Donor,53,m,44.8,119.7,29.2,20.7,6.0,13.8,8.78,64.0,49.3,75.4
144,0=Blood Donor,45,m,40.3,64.4,18.8,27.2,5.2,6.71,4.25,74.0,19.7,67.2
256,0=Blood Donor,56,m,42.1,45.6,30.0,26.7,6.1,8.9,6.4,71.0,37.6,70.1
428,0=Blood Donor,48,f,32.0,66.3,14.2,21.3,5.5,4.72,5.23,41.0,17.2,65.6
207,0=Blood Donor,51,m,38.0,54.8,23.8,28.6,13.5,6.33,4.65,99.0,18.3,66.4
304,0=Blood Donor,66,m,48.4,76.0,31.9,29.6,13.8,8.81,4.17,111.0,26.2,76.7
201,0=Blood Donor,50,m,35.5,59.4,43.9,35.8,7.6,11.23,6.56,106.0,24.9,73.2
483,0=Blood Donor,54,f,39.9,30.7,17.0,19.3,6.3,6.99,4.95,68.0,13.3,70.7
92,0=Blood Donor,39,m,46.1,77.1,34.9,37.6,4.1,13.86,8.11,94.0,76.9,71.1
221,0=Blood Donor,52,m,37.2,73.6,28.9,29.8,6.6,6.8,4.94,8.0,24.1,64.2
